{"num_of_order_requests": 180, "total_of_order_requests": 18178.199999999997, "num_of_accept_order_requests": 289, "total_of_accept_order_requests": 29186.11000000002, "last_requested": "2020-10-29T09:37:46Z"}